create_dt,location_y,compnt_nm,location_x,version
20140207,-29.2362,BOTSHABELO,26.71606,1.1.0
20140207,-32.56819,KUBUSIEDRIFT,27.62384,1.1.0
20140207,-32.57118,STUTTERHEIM,27.42741,1.1.0
20140207,-33.79664,MOTHERWELL,25.58419,1.1.0
20140207,-33.84109,KWADWESI,25.52347,1.1.0
20140207,-32.1756,CRADOCK,25.62571,1.1.0
20140207,-27.51294,NOENIEPUT,20.14278,1.1.0
20140207,-31.47124,INDWE,27.33555,1.1.0
20140207,-31.16777,ROSSOUW,27.27997,1.1.0
20140207,-30.80423,ELANDS HEIGHT,28.22494,1.1.0
20140207,-31.06708,MACLEAR,28.34897,1.1.0
20140207,-33.29291,WOLWEFONTEIN,24.82834,1.1.0
20140207,-33.54769,ADDO,25.69029,1.1.0
20140207,-26.27889,KWA THEMA,28.39438,1.1.0
20140207,-26.23481,BRAKPAN,28.36257,1.1.0
20140207,-30.24156,SWARTBERG,29.33874,1.1.0
20140207,-30.20976,SMITHFIELD,26.53167,1.1.0
20140207,-28.08577,VENTERSBURG,27.13605,1.1.0
20140207,-28.40042,THEUNISSEN,26.71208,1.1.0
20140207,-27.97483,THABONG,26.78051,1.1.0
20140207,-26.16052,HENDRINA,29.71433,1.1.0
20140207,-25.36766,LAERSDRIFT,29.85622,1.1.0
20140207,-24.96968,MARBLE HALL,29.29687,1.1.0
20140207,-25.64433,WATERVAL BOVEN,30.32545,1.1.0
20140207,-26.54172,EVATON,27.85719,1.1.0
20140207,-29.14242,HEIDEDAL,26.25019,1.1.0
20140207,-29.25967,BOITHUSO,26.67399,1.1.0
20140207,-28.91602,CLOCOLAN,27.56798,1.1.0
20140207,-31.37425,NIEUWOUDTVILLE,19.11703,1.1.0
20140207,-23.85429,SESHEGO,29.38227,1.1.0
20140207,-23.88506,MANKWENG,29.72669,1.1.0
20140207,-26.3619,KATLEHONG,28.1571,1.1.0
20140207,-27.16835,PERDEKOP,29.62148,1.1.0
20140207,-30.30455,ZASTRON,27.08167,1.1.0
20140207,-29.64474,VERULAM,31.04136,1.1.0
20140207,-25.6174,MMAKAU,27.94101,1.1.0
20140207,-23.86649,LULEKANI,31.08104,1.1.0
20140207,-23.30664,HLANGANANI,30.29724,1.1.0
20140207,-32.32437,MSOBOMVU,28.186,1.1.0
20140207,-30.95517,NTABANKULU,29.30275,1.1.0
20140207,-30.26205,MALUTI,28.78647,1.1.0
20140207,-30.64249,LUKHOLWENI,28.85494,1.1.0
20140207,-26.18637,SUNDRA,28.55062,1.1.0
20140207,-26.95942,VRYBURG,24.72628,1.1.0
20140207,-32.57532,KOMGA,27.89203,1.1.0
20140207,-32.15174,GRAAFWATER,18.60647,1.1.0
20140207,-29.66587,SPRINGBOK,17.88498,1.1.0
20140207,-28.60706,ALEXANDER BAY,16.49218,1.1.0
20140207,-30.56504,GARIES,17.99024,1.1.0
20140207,-30.32269,HONDEKLIP BAY,17.27415,1.1.0
20140207,-29.26636,STEINKOPF,17.73565,1.1.0
20140207,-28.76911,VIOOLSDRIF,17.62354,1.1.0
20140207,-27.54544,MAGUDU,31.64838,1.1.0
20140207,-26.18823,HILLBROW,28.04464,1.1.0
20140207,-25.6489,SWARTRUGGENS,26.68895,1.1.0
20140207,-25.53974,ZEERUST,26.07897,1.1.0
20140207,-33.99243,VILLIERSDORP,19.28734,1.1.0
20140207,-34.53644,BREDASDORP,20.04727,1.1.0
20140207,-34.23493,CALEDON,19.42919,1.1.0
20140207,-34.57818,GANS BAY,19.35139,1.1.0
20140207,-28.72135,SOUTPAN,26.06093,1.1.0
20140207,-26.22145,MEADOWLANDS,27.90026,1.1.0
20140207,-26.24489,SPRINGS,28.44266,1.1.0
20140207,-33.31163,GRAHAMSTOWN,26.53445,1.1.0
20140207,-30.69442,MALETSWAI,26.69165,1.1.0
20140207,-22.38491,TSHAMUTUMBU,30.54586,1.1.0
20140207,-25.8383,MMABATHO,25.6069,1.1.0
20140207,-25.8949,LOMANYANENG,25.65939,1.1.0
20140207,-26.08725,ITSOSENG,25.88043,1.1.0
20140207,-26.25351,MOOIFONTEIN,25.60272,1.1.0
20140207,-26.42189,MADIBOGO,25.1507,1.1.0
20140207,-29.97721,BHEKITHEMBA,30.86016,1.1.0
20140207,-33.96262,RONDEBOSCH,18.46833,1.1.0
20140207,-34.10872,MUIZENBERG,18.46663,1.1.0
20140207,-33.80517,ROBERTSON,19.87543,1.1.0
20140207,-30.46407,BRANDVLEI,20.4897,1.1.0
20140207,-28.31341,WASBANK,30.10001,1.1.0
20140207,-28.90237,ESHOWE,31.45689,1.1.0
20140207,-29.02791,GINGINDLOVU,31.58145,1.1.0
20140207,-28.5988,KWAMBONAMBI,32.0859,1.1.0
20140207,-29.07975,NYONI,31.46301,1.1.0
20140207,-28.37593,BABANANGO,31.08263,1.1.0
20140207,-32.6788,KEI MOUTH,28.37477,1.1.0
20140207,-32.87139,KING WILLIAM'S TOWN,27.39139,1.1.0
20140207,-32.70575,KEI ROAD,27.54653,1.1.0
20140207,-33.14929,KIDDS BEACH,27.69525,1.1.0
20140207,-28.59162,MELMOTH,31.39876,1.1.0
20140207,-29.87238,RICHMOND-KZN,30.26986,1.1.0
20140207,-29.4337,WARTBURG,30.5768,1.1.0
20140207,-25.71357,MAMELODI EAST,28.39609,1.1.0
20140207,-29.73592,KWAMASHU E,31.00027,1.1.0
20140207,-34.11561,LWANDLE,18.86718,1.1.0
20140207,-22.8985,MPHEPHU,30.03913,1.1.0
20140207,-31.91087,FRASERBURG,21.5136,1.1.0
20140207,-27.4621,GROENVLEI,30.23121,1.1.0
20140207,-30.03691,EVATT,29.35065,1.1.0
20140207,-33.06903,PUNZANA,27.44577,1.1.0
20140207,-32.51021,CENTANE,28.3202,1.1.0
20140207,-30.13768,INTSIKENI,29.58809,1.1.0
20140207,-31.90484,EZIBELENI,26.95282,1.1.0
20140207,-30.1548,IXOPO,30.06021,1.1.0
20140207,-30.52934,ST FAITHS,30.20243,1.1.0
20140207,-29.60004,WANDA,24.43268,1.1.0
20140207,-27.75013,ALLANRIDGE,26.64818,1.1.0
20140207,-27.79043,OSIZWENI,30.12937,1.1.0
20140207,-29.94177,WENTWORTH,30.98088,1.1.0
20140207,-22.80382,TSHAULU,30.74773,1.1.0
20140207,-32.10058,IDUTYWA,28.30797,1.1.0
20140207,-33.71148,PAARL EAST,18.99406,1.1.0
20140207,-27.51842,ROADSIDE,28.8493,1.1.0
20140207,-27.42321,VREDE,29.16897,1.1.0
20140207,-27.85385,WARDEN,28.96409,1.1.0
20140207,-30.55924,GOEDEMOED,26.40335,1.1.0
20140207,-29.13018,JACOBSDAL,24.77064,1.1.0
20140207,-29.76054,JAGERSFONTEIN,25.42291,1.1.0
20140207,-34.00107,PHILIPPI,18.54054,1.1.0
20140207,-30.99623,FLOUKRAAL,27.05484,1.1.0
20140207,-31.1205,JAMESTOWN,26.81023,1.1.0
20140207,-30.71202,LADY GREY,27.20923,1.1.0
20140207,-28.56124,LADYSMITH,29.77862,1.1.0
20140207,-28.94127,AMANGWE,29.61758,1.1.0
20140207,-28.43673,BESTERS,29.64116,1.1.0
20140207,-28.59515,EZAKHENI,29.9278,1.1.0
20140207,-28.74824,RICHARDS BAY,32.05469,1.1.0
20140207,-33.09287,LANGEBAAN,18.03349,1.1.0
20140207,-33.15359,MOORREESBURG,18.66466,1.1.0
20140207,-32.90627,PIKETBERG,18.75449,1.1.0
20140207,-32.47741,REDELINGHUYS,18.53737,1.1.0
20140207,-32.75816,ST HELENA BAY,18.02407,1.1.0
20140207,-32.90673,VREDENBURG,18.00228,1.1.0
20140207,-31.39491,MOLTENO,26.36142,1.1.0
20140207,-26.51511,DE DEUR,27.91079,1.1.0
20140207,-25.7556,BROOKLYN,28.2377,1.1.0
20140207,-28.21219,NQUTHU,30.67726,1.1.0
20140207,-28.62028,NKANDLA,31.09171,1.1.0
20140207,-28.27376,MPUNGAMHLOPHE,31.25359,1.1.0
20140207,-23.36789,MOGWADI,29.32768,1.1.0
20140207,-25.43437,PIENAAR,31.1846,1.1.0
20140207,-25.92322,DIEPSLOOT,28.02203,1.1.0
20140207,-33.57672,NEMATO,26.89275,1.1.0
20140207,-23.49214,BOTLOKWA,29.73967,1.1.0
20140207,-26.50534,ATAMELANG,25.37052,1.1.0
20140207,-25.20296,RUST DE WINTER,28.60761,1.1.0
20140207,-28.71051,GALESHEWE,24.74277,1.1.0
20140207,-27.75361,HARTSWATER,24.80519,1.1.0
20140207,-27.91606,JAN KEMPDORP,24.83897,1.1.0
20140207,-24.70692,MODIMOLLE,28.40881,1.1.0
20140207,-24.51843,NABOOMSPRUIT,28.71265,1.1.0
20140207,-24.06064,DORSET,28.16096,1.1.0
20140207,-25.20246,PIENAARSRIVIER,28.2964,1.1.0
20140207,-24.59628,ROEDTAN,29.08164,1.1.0
20140207,-24.77912,ROOIBERG,27.73079,1.1.0
20140207,-24.90246,TUINPLAAS,28.73605,1.1.0
20140207,-29.70143,PHOENIX,31.00799,1.1.0
20140207,-32.58829,CITRUSDAL,19.01101,1.1.0
20140207,-32.17615,CLANWILLIAM,18.89226,1.1.0
20140207,-31.81174,DORING BAY,18.23678,1.1.0
20140207,-24.67925,BURGERSFORT,30.32999,1.1.0
20140207,-25.41676,DULLSTROOM,30.10594,1.1.0
20140207,-25.087,BEDWANG,27.96893,1.1.0
20140207,-25.0764,CYFERSKUIL,28.24066,1.1.0
20140207,-25.57313,PHOKENG,27.16254,1.1.0
20140207,-25.35177,MADIKWE,26.52447,1.1.0
20140207,-27.54507,TAUNG,24.77898,1.1.0
20140207,-27.77091,PAMPIERSTAT,24.69018,1.1.0
20140207,-27.98218,KGOMOTSO,24.61279,1.1.0
20140207,-26.4567,WEDELA,27.383,1.1.0
20140207,-30.0253,KWAMAKHUTHA,30.86804,1.1.0
20140207,-29.85093,KWANDENGEZI,30.76895,1.1.0
20140207,-26.36964,LESLIE,28.92186,1.1.0
20140207,-26.46098,BETHAL,29.46955,1.1.0
20140207,-26.25064,KRIEL,29.26061,1.1.0
20140207,-27.57072,REIVILO,24.1833,1.1.0
20140207,-22.73445,MUTALE,30.52317,1.1.0
20140207,-33.02058,EAST LONDON,27.90288,1.1.0
20140207,-31.08187,FLAGSTAFF,29.49472,1.1.0
20140207,-30.85428,BIZANA,29.85939,1.1.0
20140207,-25.04701,HAZYVIEW,31.1283,1.1.0
20140207,-29.04502,WEMBEZI,29.78917,1.1.0
20140207,-23.52831,VILLA NORA,28.12587,1.1.0
20140207,-29.78514,NEWLANDS EAST,30.97478,1.1.0
20140207,-25.25865,DENNILTON,29.14743,1.1.0
20140207,-25.49436,MALELANE,31.51072,1.1.0
20140207,-30.40506,IBISI,29.88793,1.1.0
20140207,-32.02197,BRIDGE CAMP,27.3588,1.1.0
20140207,-31.67193,NGQELENI,29.03225,1.1.0
20140207,-26.71531,POTCHEFSTROOM,27.09456,1.1.0
20140207,-26.47848,ORANGE FARMS,27.8672,1.1.0
20140207,-25.51513,MATSULU,31.34609,1.1.0
20140207,-26.30353,MAYFLOWER,30.77622,1.1.0
20140207,-25.66843,MACHADODORP,30.25328,1.1.0
20140207,-24.75191,OHRIGSTAD,30.55652,1.1.0
20140207,-26.18914,PRIMROSE,28.15795,1.1.0
20140207,-26.26088,ALBERTON,28.12692,1.1.0
20140207,-29.75237,HIMEVILLE,29.51173,1.1.0
20140207,-25.70602,EERSTERUST,28.3189,1.1.0
20140207,-26.95975,KANANA,26.64038,1.1.0
20140207,-25.36291,SUN CITY,27.09869,1.1.0
20140207,-26.92008,TUMAHOLE,27.48537,1.1.0
20140207,-33.00505,DUNCAN VILLAGE,27.88872,1.1.0
20140207,-32.9366,GONUBIE,28.00084,1.1.0
20140207,-32.72743,BLUEWATER,27.95053,1.1.0
20140207,-32.96884,BEACON BAY,27.93836,1.1.0
20140207,-32.87859,BERLIN,27.5732,1.1.0
20140207,-26.4879,FOCHVILLE,27.49416,1.1.0
20140207,-33.48006,MOYENI,27.13021,1.1.0
20140207,-32.95596,INYIBIBA,27.69467,1.1.0
20140207,-32.17097,WHITTLESEA,26.82443,1.1.0
20140207,-32.16655,KLEINBULHOEK,26.575,1.1.0
20140207,-28.13308,MELODING,26.89475,1.1.0
20140207,-28.02889,ARLINGTON,27.85058,1.1.0
20140207,-26.84451,STILFONTEIN,26.7773,1.1.0
20140207,-27.90918,CHRISTIANA,25.16738,1.1.0
20140207,-26.15328,DAVEYTON,28.4156,1.1.0
20140207,-29.0335,PELLA,19.15277,1.1.0
20140207,-25.43625,LETHABONG,27.50895,1.1.0
20140207,-28.4542,ROSEDALE,21.20795,1.1.0
20140207,-27.64711,PETRUS STEYN,28.13161,1.1.0
20140207,-25.70513,MARIKANA,27.48645,1.1.0
20140207,-25.75138,OTTOSHOOP,25.96256,1.1.0
20140207,-28.83224,VERKEERDEVLEI,26.77901,1.1.0
20140207,-32.3144,HENDERSON,27.33609,1.1.0
20140207,-26.86353,KLERKSDORP,26.66311,1.1.0
20140207,-25.36555,MOKOPONG,22.97807,1.1.0
20140207,-24.72708,DWAALBOOM,26.80808,1.1.0
20140207,-24.93494,GRASKOP,30.83923,1.1.0
20140207,-34.02047,SWELLENDAM,20.44455,1.1.0
20140207,-27.76069,NEWCASTLE,29.93826,1.1.0
20140207,-28.41957,MTUBATUBA,32.18481,1.1.0
20140207,-29.35433,NEW HANOVER,30.52769,1.1.0
20140207,-29.87218,UMBILO,30.99136,1.1.0
20140207,-28.61588,FOURIESBURG,28.20841,1.1.0
20140207,-25.16354,MASOYI,31.11541,1.1.0
20140207,-24.32098,LEBOWAKGOMO,29.48187,1.1.0
20140207,-29.94306,STRYDENBURG,23.67684,1.1.0
20140207,-29.99861,VANDERKLOOF,24.74164,1.1.0
20140207,-30.64993,SUNRISE,24.02046,1.1.0
20140207,-25.83738,VORSTERSHOOP,23.02448,1.1.0
20140207,-26.54945,STELLA,24.86213,1.1.0
20140207,-26.27157,SETLAGOLE,25.11376,1.1.0
20140207,-25.81666,BOSCHKOP,28.40709,1.1.0
20140207,-26.315,DAWN PARK,28.2477,1.1.0
20140207,-26.35194,TSAKANE,28.36975,1.1.0
20140207,-28.85307,WEENEN,30.08461,1.1.0
20140207,-30.39106,CEDARVILLE,29.04574,1.1.0
20140207,-29.98666,ISIPINGO,30.92521,1.1.0
20140207,-26.29105,ELDORADO PARK,27.90082,1.1.0
20140207,-27.73717,HLOBANE,31.00971,1.1.0
20140207,-27.93065,KINGSLEY,30.53045,1.1.0
20140207,-29.88968,BELLAIR,30.94137,1.1.0
20140207,-26.37833,BIESIESVLEI,25.90384,1.1.0
20140207,-33.98106,MFULENI,18.68742,1.1.0
20140207,-32.92197,VULINDLELA,27.71242,1.1.0
20140207,-28.41605,DELPORTSHOOP,24.31019,1.1.0
20140207,-33.35093,RIEBEEK WEST,18.8727,1.1.0
20140207,-25.0964,LYDENBURG,30.45298,1.1.0
20140207,-26.22025,BOKSBURG,28.23787,1.1.0
20140207,-26.10141,KEMPTON PARK,28.23211,1.1.0
20140207,-26.09221,TARLTON,27.66759,1.1.0
20140207,-25.69136,EKANGALA,28.74155,1.1.0
20140207,-29.60476,PIETERMARITZBURG,30.37979,1.1.0
20140207,-29.96608,MID ILLOVO,30.51511,1.1.0
20140207,-29.61901,ALEXANDRA ROAD,30.38773,1.1.0
20140207,-29.58422,BISHOPSTOWE,30.47682,1.1.0
20140207,-29.68509,BOSTON,30.04722,1.1.0
20140207,-29.72907,CAMPERDOWN,30.54127,1.1.0
20140207,-25.76254,MIDDELBURG MPUMALANG,29.45876,1.1.0
20140207,-29.15674,MANGAUNG,26.24956,1.1.0
20140207,-33.64022,WELLINGTON,19.00515,1.1.0
20140207,-30.42054,ROUXVILLE,26.83419,1.1.0
20140207,-28.9382,EXCELSIOR,27.06109,1.1.0
20140207,-28.87051,FICKSBURG,27.87397,1.1.0
20140207,-29.52845,HOBHOUSE,27.14284,1.1.0
20140207,-28.66536,MARQUARD,27.4259,1.1.0
20140207,-28.3212,SENEKAL,27.6226,1.1.0
20140207,-28.23108,BETHLEHEM,28.30889,1.1.0
20140207,-27.23861,CORNELIA,28.85422,1.1.0
20140207,-28.31452,KESTELL,28.70516,1.1.0
20140207,-27.79927,REITZ,28.43171,1.1.0
20140207,-33.28503,TULBAGH,19.14052,1.1.0
20140207,-30.27408,SAWOTI,30.49026,1.1.0
20140207,-30.28763,SCOTTBURGH,30.75576,1.1.0
20140207,-30.66458,SOUTHPORT,30.50909,1.1.0
20140207,-30.20719,UMKOMAAS,30.79157,1.1.0
20140207,-30.57774,HIBBERDENE,30.57051,1.1.0
20140207,-30.79986,GAMALAKHE,30.34167,1.1.0
20140207,-29.91231,CHATSWORTH,30.88538,1.1.0
20140207,-29.86012,CATO MANOR,30.968,1.1.0
20140207,-29.92278,BAYVIEW,30.9117,1.1.0
20140207,-31.97622,ILINGE,27.03843,1.1.0
20140207,-26.1624,PIET PLESSIS,24.40795,1.1.0
20140207,-29.51506,NDWEDWE,30.93596,1.1.0
20140207,-26.18032,HARTEBEESKOP,30.93031,1.1.0
20140207,-31.89704,QUEENSTOWN,26.87144,1.1.0
20140207,-34.05193,HARARE,18.6693,1.1.0
20140207,-33.9882,KLEINVLEI,18.71879,1.1.0
20140207,-25.49786,RIETGAT,28.09001,1.1.0
20140207,-25.62571,AKASIA,28.09538,1.1.0
20140207,-25.60465,BOITEKONG,27.29704,1.1.0
20140207,-28.7114,KAGISHO,24.71971,1.1.0
20140207,-34.15381,GRABOUW,19.01901,1.1.0
20140207,-34.41859,HERMANUS,19.23623,1.1.0
20140207,-34.33963,KLEINMOND,19.03232,1.1.0
20140207,-34.4756,NAPIER,19.89561,1.1.0
20140207,-30.6606,DE AAR,24.00504,1.1.0
20140207,-24.71591,ELANDSKRAAL,29.41198,1.1.0
20140207,-24.38627,MECKLENBURG,30.07359,1.1.0
20140207,-30.95563,LOERIESFONTEIN,19.44893,1.1.0
20140207,-25.48245,VERENA,29.02751,1.1.0
20140207,-29.17992,RIETVLEI,30.34741,1.1.0
20140207,-24.59703,THABAZIMBI,27.40775,1.1.0
20140207,-29.18644,KOPANONG,26.25326,1.1.0
20140207,-29.18293,KAGISANONG,26.23517,1.1.0
20140207,-26.55351,RATANDA,28.32785,1.1.0
20140207,-26.21722,GERMISTON,28.16174,1.1.0
20140207,-26.74201,GREYLINGSTAD,28.76545,1.1.0
20140207,-28.73487,KIMBERLEY,24.7632,1.1.0
20140207,-29.61844,INT AIRP KING SHAKA,31.10425,1.1.0
20140207,-29.06613,BAINSVLEI,26.12837,1.1.0
20140207,-29.13468,BATHO,26.22531,1.1.0
20140207,-29.08896,BAYSWATER,26.23033,1.1.0
20140207,-26.35129,DUNNOTTAR,28.4388,1.1.0
20140207,-26.42076,NIGEL,28.47217,1.1.0
20140207,-26.19655,BENONI,28.31337,1.1.0
20140207,-34.11592,STRAND,18.83286,1.1.0
20140207,-28.60502,NTAMBANANA,31.74294,1.1.0
20140207,-26.16425,KAGISO,27.78162,1.1.0
20140207,-25.99744,MAGALIESBURG,27.53867,1.1.0
20140207,-26.18076,RANDFONTEIN,27.7062,1.1.0
20140207,-29.91872,MONTCLAIR,30.97392,1.1.0
20140207,-26.3563,DEVON,28.78603,1.1.0
20140207,-27.97561,GLUCKSTADT,31.0321,1.1.0
20140207,-26.54492,EMBALENHLE,29.0747,1.1.0
20140207,-24.9599,NORTHAM,27.26438,1.1.0
20140207,-34.04298,LINGELETHU-WEST,18.66004,1.1.0
20140207,-33.81395,KWANOBUHLE,25.39782,1.1.0
20140207,-33.50484,BATHURST,26.83917,1.1.0
20140207,-25.5287,SOSHANGUVE,28.1126,1.1.0
20140207,-33.86616,GROOT-DRAKENSTEIN,18.97776,1.1.0
20140207,-29.13495,SUNDUMBILI,31.40266,1.1.0
20140207,-29.8118,BULWER,29.76945,1.1.0
20140207,-27.99503,CEZA,31.37832,1.1.0
20140207,-25.68235,SCHOEMANSDAL,31.49894,1.1.0
20140207,-23.35999,TSHITALE,29.98902,1.1.0
20140207,-33.83223,HANKEY,24.88528,1.1.0
20140207,-34.02798,HUMANSDORP,24.77275,1.1.0
20140207,-33.95386,KAREEDOUW,24.29433,1.1.0
20140207,-33.39892,KIRKWOOD,25.44409,1.1.0
20140207,-33.97407,STORMS RIVER,23.8889,1.1.0
20140207,-26.10548,ALEXANDRA,28.10089,1.1.0
20140207,-27.17452,DIRKIESDORP,30.40569,1.1.0
20140207,-30.25922,HIGHFLATS,30.19238,1.1.0
20140207,-29.19591,LADYBRAND,27.4568,1.1.0
20140207,-33.95012,MOWBRAY,18.47228,1.1.0
20140207,-34.03052,HOUT BAY,18.35674,1.1.0
20140207,-28.54034,BOSHOF,25.23967,1.1.0
20140207,-28.7031,BRANDFORT,26.45913,1.1.0
20140207,-28.67602,DEALESVILLE,25.76379,1.1.0
20140207,-29.58358,DEWETSDORP,26.66246,1.1.0
20140207,-29.02645,PLOOYSBURG,24.23761,1.1.0
20140207,-28.11489,WARRENTON,24.84885,1.1.0
20140207,-28.32664,WINDSORTON,24.71082,1.1.0
20140207,-28.93999,GLEN,26.33199,1.1.0
20140207,-24.45995,MAGATLE,29.41087,1.1.0
20140207,-24.86798,NEBO,29.75343,1.1.0
20140207,-25.02105,HLOGOTLOU,29.73837,1.1.0
20140207,-24.42233,APEL,29.78591,1.1.0
20140207,-23.89402,LETSITELE,30.39214,1.1.0
20140207,-23.95261,PHALABORWA,31.13608,1.1.0
20140207,-24.2936,VAALWATER,28.11371,1.1.0
20140207,-33.87062,BETHELSDORP,25.51261,1.1.0
20140207,-33.80317,DESPATCH,25.47264,1.1.0
20140207,-26.4936,TRICHARDT,29.22408,1.1.0
20140207,-32.42247,KOLOMANE,26.78883,1.1.0
20140207,-31.58173,MTHATHA,28.77164,1.1.0
20140207,-26.66282,BALFOUR TVL,28.58695,1.1.0
20140207,-26.4154,KINROSS,29.08508,1.1.0
20140207,-22.42221,MASISI,30.86261,1.1.0
20140207,-32.74839,HEALDTOWN,26.64999,1.1.0
20140207,-29.93649,BRIGHTON BEACH,31.00619,1.1.0
20140207,-23.00452,MALAMULELE,30.68665,1.1.0
20140207,-28.58345,NAMAHADI,28.82841,1.1.0
20140207,-33.7846,MONTAGU,20.12967,1.1.0
20140207,-33.91055,GELVANDALE,25.5503,1.1.0
20140207,-30.21307,KAMIESKROON,17.93159,1.1.0
20140207,-26.40597,ZONKIZIZWE,28.17933,1.1.0
20140207,-29.32488,KOMMISSIEPOORT,27.28657,1.1.0
20140207,-25.73355,SILVERTON,28.29632,1.1.0
20140207,-25.80898,BRONKHORSTSPRUIT,28.74566,1.1.0
20140207,-25.67528,CULLINAN,28.52028,1.1.0
20140207,-26.07128,CAROLINA,30.11998,1.1.0
20140207,-22.89731,SILOAM,30.18623,1.1.0
20140207,-33.68053,KENTON ON SEA,26.66674,1.1.0
20140207,-25.09528,SABIE,30.78207,1.1.0
20140207,-31.40925,IDA,27.55116,1.1.0
20140207,-30.68748,ALIWAL NORTH,26.71103,1.1.0
20140207,-26.1796,BEDFORDVIEW,28.13719,1.1.0
20140207,-26.09934,BLINKPAN,29.45108,1.1.0
20140207,-25.16553,GROBLERSDAL,29.3896,1.1.0
20140207,-24.99079,MAARTENSHOOP,30.234,1.1.0
20140207,-26.05064,OGIES,29.05272,1.1.0
20140207,-23.0909,MARA,29.39279,1.1.0
20140207,-31.29284,STEYNSBURG,25.82328,1.1.0
20140207,-30.99708,BURGERSDORP,26.33273,1.1.0
20140207,-34.03161,DIEPRIVIER,18.46485,1.1.0
20140207,-32.77701,FORT BEAUFORT,26.63555,1.1.0
20140207,-33.64669,KINKELBOS,25.87827,1.1.0
20140207,-33.98442,CLAREMONT,18.47286,1.1.0
20140207,-25.59975,MOTHUTLUNG,27.8873,1.1.0
20140207,-33.87626,KWAZAKELE,25.58308,1.1.0
20140207,-31.14658,MPISI,29.93013,1.1.0
20140207,-30.34742,GOWAN LEA,29.70266,1.1.0
20140207,-30.57749,PHUMALANGA,27.57751,1.1.0
20140207,-32.00375,COFIMVABA,27.58411,1.1.0
20140207,-26.12079,BRAMLEY,28.08413,1.1.0
20140207,-25.99321,MIDRAND,28.12012,1.1.0
20140207,-26.08026,SANDTON,28.0615,1.1.0
20140207,-26.11922,LINDEN,27.9937,1.1.0
20140207,-24.87751,BELA-BELA,28.29453,1.1.0
20140207,-23.69563,MODJADJISKLOOF,30.14385,1.1.0
20140207,-23.95146,GRAVELOTTE,30.61256,1.1.0
20140207,-29.60667,PRESTBURY,30.33822,1.1.0
20140207,-29.34421,DALTON,30.63626,1.1.0
20140207,-29.14101,EMATIMATOLO,30.82659,1.1.0
20140207,-28.96604,KRANSKOP,30.86405,1.1.0
20140207,-26.20815,LANGLAAGTE,27.98447,1.1.0
20140207,-26.27615,MONDEOR,28.01003,1.1.0
20140207,-26.27697,PROTEA GLEN,27.83896,1.1.0
20140207,-33.18409,SARON,18.99944,1.1.0
20140207,-25.511,MABOPANE,28.0575,1.1.0
20140207,-25.75444,SUNNYSIDE,28.2077,1.1.0
20140207,-26.25175,KLERKSKRAAL,27.16339,1.1.0
20140207,-26.13293,OR TAMBO INTERN AIRP,28.22985,1.1.0
20140207,-28.95414,MTUNZINI,31.75453,1.1.0
20140207,-28.74586,EMPANGENI,31.88623,1.1.0
20140207,-33.45354,MALMESBURY,18.72971,1.1.0
20140207,-33.01164,PORTERVILLE,18.99274,1.1.0
20140207,-33.00962,SALDANHA,17.93958,1.1.0
20140207,-32.68363,BEDFORD,26.08275,1.1.0
20140207,-31.55052,STERKSTROOM,26.55598,1.1.0
20140207,-32.25286,GRAAFF-REINET,24.53989,1.1.0
20140207,-32.83365,DIMBAZA,27.20597,1.1.0
20140207,-31.96778,ELLIOTDALE,28.68342,1.1.0
20140207,-31.36889,LUSIKISIKI,29.57499,1.1.0
20140207,-34.02464,KHAYELITSHA,18.66599,1.1.0
20140207,-25.88794,WITBANK,29.23129,1.1.0
20140207,-33.92897,WOODSTOCK,18.44814,1.1.0
20140207,-34.15086,RIVIERSONDEREND,19.92037,1.1.0
20140207,-34.07682,SOMERSET WEST,18.84466,1.1.0
20140207,-34.80059,STRUISBAAI,20.05088,1.1.0
20140207,-33.92257,CLOETESVILLE,18.85526,1.1.0
20140207,-27.41557,CHARLESTOWN,29.87355,1.1.0
20140207,-27.57737,INGOGO,29.91188,1.1.0
20140207,-29.73115,WEPENER,27.037,1.1.0
20140207,-30.02955,CREIGHTON,29.84284,1.1.0
20140207,-31.07529,MZAMBA,30.18437,1.1.0
20140207,-30.52837,STERKSPRUIT,27.37134,1.1.0
20140207,-32.03707,TSOMO,27.81802,1.1.0
20140207,-29.96252,UMLAZI,30.92848,1.1.0
20140207,-33.79741,IKAMVELIHLE,25.60843,1.1.0
20140207,-25.82101,MBUZINI,31.89291,1.1.0
20140207,-33.58986,OUDTSHOORN,22.20401,1.1.0
20140207,-33.6573,UNIONDALE,23.12582,1.1.0
20140207,-33.49487,LADISMITH,21.2683,1.1.0
20140207,-25.82608,TSHIDILAMOLOMO,24.67348,1.1.0
20140207,-26.96691,HUHUDI,24.74053,1.1.0
20140207,-26.81203,OTTOSDAL,25.99991,1.1.0
20140207,-31.01688,SULENKAMA,28.68437,1.1.0
20140207,-31.97848,COFFEE BAY,29.14881,1.1.0
20140207,-31.9192,KWAAIMAN,28.97806,1.1.0
20140207,-25.82374,WIERDABRUG,28.15524,1.1.0
20140207,-25.81177,ERASMIA,28.09258,1.1.0
20140207,-26.98908,ORANJEVILLE,28.20446,1.1.0
20140207,-34.37743,STILL BAY,21.41184,1.1.0
20140207,-26.80295,BUFFELSHOEK,27.39991,1.1.0
20140207,-26.72025,IKAGENG,27.06247,1.1.0
20140207,-27.23507,LEEUDORINGSTAD,26.24131,1.1.0
20140207,-27.31268,MAKWASSIE,25.9933,1.1.0
20140207,-27.20175,WOLMARANSSTAD,25.98018,1.1.0
20140207,-26.89184,JOUBERTON,26.58773,1.1.0
20140207,-26.3307,COLIGNY,26.31738,1.1.0
20140207,-22.97234,THOHOYANDOU,30.45594,1.1.0
20140207,-33.19758,LAINGSBURG,20.85937,1.1.0
20140207,-33.12978,FORT BROWN,26.61773,1.1.0
20140207,-33.44057,SEVEN FOUNTAINS,26.3261,1.1.0
20140207,-25.4362,KOMATIPOORT,31.95774,1.1.0
20140207,-25.79074,BARBERTON,31.05178,1.1.0
20140207,-30.57359,VOSBURG,22.8814,1.1.0
20140207,-25.34439,KABOKWENI,31.12938,1.1.0
20140207,-25.72593,BOSHOEK,24.28325,1.1.0
20140207,-25.45771,BRAY,23.7157,1.1.0
20140207,-27.45901,KURUMAN,23.43229,1.1.0
20140207,-26.99803,EMANGUZI,32.74348,1.1.0
20140207,-27.58069,LOUWSBURG,31.28124,1.1.0
20140207,-28.16235,DUNDEE,30.23368,1.1.0
20140207,-28.0792,HATTINGSPRUIT,30.124,1.1.0
20140207,-28.29686,PAUL ROUX,27.95304,1.1.0
20140207,-29.18634,TWEESPRUIT,27.02513,1.1.0
20140207,-28.5154,CLARENS,28.41983,1.1.0
20140207,-27.26838,MAFUBE,28.50321,1.1.0
20140207,-27.68155,MEMEL,29.56703,1.1.0
20140207,-27.5544,TWEELING,28.51549,1.1.0
20140207,-30.49887,BETHULIE,25.97663,1.1.0
20140207,-26.14538,ROSEBANK,28.03842,1.1.0
20140207,-29.2112,THABA-NCHU,26.84379,1.1.0
20140207,-29.32683,NIEKERKSHOOP,22.83759,1.1.0
20140207,-27.76738,VRYHEID,30.79561,1.1.0
20140207,-27.42715,JOZINI,32.06406,1.1.0
20140207,-27.42332,PAULPIETERSBURG,30.81722,1.1.0
20140207,-31.06641,HANOVER,24.44393,1.1.0
20140207,-30.7197,COLESBERG,25.09446,1.1.0
20140207,-31.96489,MURRAYSBURG,23.76155,1.1.0
20140207,-33.92774,CAPE TOWN CENTRAL,18.4231,1.1.0
20140207,-33.95604,CAMPS BAY,18.37672,1.1.0
20140207,-33.92367,MAITLAND,18.48325,1.1.0
20140207,-33.87562,MILNERTON,18.50175,1.1.0
20140207,-33.92691,PINELANDS,18.50137,1.1.0
20140207,-33.90953,KENSINGTON,18.51064,1.1.0
20140207,-24.52865,RANKIN'S PASS,27.9136,1.1.0
20140207,-26.19278,BRIXTON,27.99355,1.1.0
20140207,-26.03846,MULDERSDRIFT,27.85052,1.1.0
20140207,-25.83904,LYTTELTON,28.19868,1.1.0
20140207,-29.94046,LAMONTVILLE,30.93923,1.1.0
20140207,-29.78427,HILLCREST,30.76489,1.1.0
20140207,-29.87456,MALVERN,30.91017,1.1.0
20140207,-28.2959,ULUNDI,31.42827,1.1.0
20140207,-23.933,NAMAKGALE,31.02834,1.1.0
20140207,-32.7383,MOOIPLAAS,28.05225,1.1.0
20140207,-31.65593,HOFMEYR,25.80221,1.1.0
20140207,-34.0553,JEFFREYS BAY,24.92192,1.1.0
20140207,-32.50557,KEI BRIDGE,27.97953,1.1.0
20140207,-29.05651,DOUGLAS,23.77278,1.1.0
20140207,-33.85136,SWARTKOPS,25.60443,1.1.0
20140207,-32.45969,DORINGKLOOF,26.51463,1.1.0
20140207,-29.86189,POINT,31.03983,1.1.0
20140207,-33.29543,WILLOWMORE,23.48728,1.1.0
20140207,-33.95494,MOUNT ROAD,25.59516,1.1.0
20140207,-33.93989,KABEGA PARK,25.49849,1.1.0
20140207,-33.97903,WALMER,25.58483,1.1.0
20140207,-33.97403,HUMEWOOD,25.62617,1.1.0
20140207,-26.323,WESTONARIA,27.65058,1.1.0
20140207,-26.67931,VEREENIGING,27.92999,1.1.0
20140207,-26.69897,VANDERBIJLPARK,27.83306,1.1.0
20140207,-26.97781,ORKNEY,26.66994,1.1.0
20140207,-27.65256,BLOEMHOF,25.60685,1.1.0
20140207,-26.0765,RANDBURG,27.997,1.1.0
20140207,-30.03372,TROMPSBURG,25.78074,1.1.0
20140207,-29.7957,HAMMARSDALE,30.65611,1.1.0
20140207,-27.48081,MBAZWANA,32.59923,1.1.0
20140207,-29.19424,SELOSESHA,26.81939,1.1.0
20140207,-28.53715,BARKLY WEST,24.52533,1.1.0
20140207,-29.41678,BELMONT,24.36647,1.1.0
20140207,-27.9761,BOETSAP,24.45268,1.1.0
20140207,-28.8032,CAMPBELL,23.71662,1.1.0
20140207,-27.35712,WAKKERSTROOM,30.1484,1.1.0
20140207,-29.15479,MANDENI,31.41142,1.1.0
20140207,-28.26961,HARRISMITH,29.12786,1.1.0
20140207,-25.71295,PRETORIA MOOT,28.21685,1.1.0
20140207,-33.97502,DELFT,18.64209,1.1.0
20140207,-29.68305,TAYLORS HALT,30.19095,1.1.0
20140207,-25.55175,BETHANIE,27.60139,1.1.0
20140207,-28.62038,TSESENG,28.85396,1.1.0
20140207,-28.53211,MAKWANE,28.88045,1.1.0
20140207,-26.68133,SHARPEVILLE,27.87801,1.1.0
20140207,-26.40392,ENNERDALE,27.83225,1.1.0
20140207,-33.90206,BELLVILLE,18.6221,1.1.0
20140207,-25.10504,MMAMETLAKE,28.5431,1.1.0
20140207,-28.51524,PHUTHADITJHABA,28.82656,1.1.0
20140207,-25.16766,ASSEN,27.60201,1.1.0
20140207,-25.49501,LETHLABILE,27.83781,1.1.0
20140207,-33.20341,RIEBEECK EAST,26.15276,1.1.0
20140207,-27.66893,KROONSTAD,27.23468,1.1.0
20140207,-26.15137,LICHTENBURG,26.15889,1.1.0
20140207,-29.24206,AGGENEYS,18.84713,1.1.0
20140207,-29.41241,HARBURG,30.7378,1.1.0
20140207,-29.58775,NABABEEP,17.7859,1.1.0
20140207,-27.83284,NGOME,31.38986,1.1.0
20140207,-26.75817,HARTBEESFONTEIN,26.42618,1.1.0
20140207,-27.91964,VERKYKERSKOP,29.28102,1.1.0
20140207,-29.74649,FAURESMITH,25.31122,1.1.0
20140207,-30.5913,GARIEPDAM,25.49178,1.1.0
20140207,-29.00566,ESTCOURT,29.87219,1.1.0
20140207,-22.65248,MAKUYA,30.82752,1.1.0
20140207,-26.94646,STANDERTON,29.24147,1.1.0
20140207,-34.19313,SIMON'S TOWN,18.43659,1.1.0
20140207,-26.9201,NDUMO,32.26491,1.1.0
20140207,-33.93231,KUILSRIVIER,18.6825,1.1.0
20140207,-25.4878,LEHURUTSHE,25.98517,1.1.0
20140207,-25.27729,MOTSWEDI,25.88558,1.1.0
20140207,-33.33927,TOUWS RIVER,20.03179,1.1.0
20140207,-34.0046,SUURBRAAK,20.654,1.1.0
20140207,-33.68464,RAWSONVILLE,19.30908,1.1.0
20140207,-34.17631,DA GAMASKOP,22.11733,1.1.0
20140207,-32.77896,LEEU GAMKA,21.97303,1.1.0
20140207,-34.00341,THEMBALETHU,22.48547,1.1.0
20140207,-34.17612,KWANONQABA,22.09112,1.1.0
20140207,-34.05359,KWANOKUTHULA,23.32062,1.1.0
20140207,-33.98272,CONVILLE,22.47327,1.1.0
20140207,-33.43978,PATERSON,25.96983,1.1.0
20140207,-31.77222,KLAWER,18.62512,1.1.0
20140207,-32.09251,LAMBERTSBAAI,18.30541,1.1.0
20140207,-33.75645,PATENSIE,24.81577,1.1.0
20140207,-30.75569,MBIZENI,28.36188,1.1.0
20140207,-26.21198,ACTONVILLE,28.29975,1.1.0
20140207,-31.31138,TSOLO,28.75858,1.1.0
20140207,-28.58429,TSEKI,28.77262,1.1.0
20140207,-32.94236,JANSENVILLE,24.66876,1.1.0
20140207,-32.83898,CHUNGWA,27.15612,1.1.0
20140207,-33.12668,TYEFU,26.90461,1.1.0
20140207,-33.28897,HAMBURG,27.46711,1.1.0
20140207,-33.13694,CHALUMNA,27.53995,1.1.0
20140207,-33.90553,SEA POINT,18.39946,1.1.0
20140207,-23.781327,SEBAYENG,29.6929333,1.1.0
20140207,-27.55535,EDENVILLE,27.67408,1.1.0
20140207,-27.28279,HEILBRON,27.96707,1.1.0
20140207,-30.59053,ZAMUXOLO,28.26695,1.1.0
20140207,-30.52585,TABASE,28.31933,1.1.0
20140207,-30.88541,KATKOP,28.51182,1.1.0
20140207,-30.29751,AVONDALE,28.40448,1.1.0
20140207,-30.16502,AFSONDERING,28.96145,1.1.0
20140207,-32.78686,MACLEANTOWN,27.74466,1.1.0
20140207,-26.14512,DELMAS,28.68756,1.1.0
20140207,-31.80929,BITYI,28.53375,1.1.0
20140207,-31.53967,LIBODE,29.01552,1.1.0
20140207,-31.16497,QUMBU,28.87266,1.1.0
20140207,-31.14968,NUWERUS,18.35712,1.1.0
20140207,-31.6083,VANRHYNSDORP,18.74001,1.1.0
20140207,-31.47331,CALVINIA,19.77337,1.1.0
20140207,-29.61956,HOPETOWN,24.08728,1.1.0
20140207,-29.84813,BEREA,31.00409,1.1.0
20140207,-28.66908,AUGRABIES,20.4225,1.1.0
20140207,-26.2482,JABULANI,27.8583,1.1.0
20140207,-27.45275,WRENCHVILLE,23.46428,1.1.0
20140207,-28.45019,UPINGTON,21.25989,1.1.0
20140207,-26.95574,WITDRAAI,20.7058,1.1.0
20140207,-29.12586,POFADDER,19.39496,1.1.0
20140207,-28.89311,GROBLERSHOOP,21.98261,1.1.0
20140207,-28.65236,KANONEILAND,21.08695,1.1.0
20140207,-28.70806,KEIMOES,20.97055,1.1.0
20140207,-25.70144,BELFAST,30.04588,1.1.0
20140207,-30.86359,MARGATE,30.36415,1.1.0
20140207,-33.31668,ALICEDALE,26.08514,1.1.0
20140207,-24.35383,HOEDSPRUIT,30.95114,1.1.0
20140207,-30.42178,PALMIETFONTEIN,27.54181,1.1.0
20140207,-33.94692,BELHAR,18.64877,1.1.0
20140207,-32.45155,THOMAS RIVER,27.25308,1.1.0
20140207,-32.11508,TYLDEN,27.0706,1.1.0
20140207,-32.60057,HOGSBACK,26.93696,1.1.0
20140207,-26.28229,KLIPTOWN,27.88838,1.1.0
20140207,-31.054979,KWANDENGANE,29.75814,1.1.0
20140207,-33.28478,JOZA,26.57081,1.1.0
20140207,-32.03171,NTABETHEMBA,26.48029,1.1.0
20140207,-31.98433,THORNHILL CISKEI,26.6089,1.1.0
20140207,-31.60532,NGANGELIZWE,28.79572,1.1.0
20140207,-31.22086,TINA FALLS,29.02187,1.1.0
20140207,-31.62894,PORT ST JOHNS,29.54424,1.1.0
20140207,-28.37872,VAN REENEN,29.38561,1.1.0
20140207,-26.74269,RIETFONTEIN,20.0294,1.1.0
20140207,-26.66959,BOIPATONG,27.84344,1.1.0
20140207,-28.74154,ONSEEPKANS,19.30395,1.1.0
20140207,-25.43404,KWAMHLANGA,28.71577,1.1.0
20140207,-25.8961,HEKPOORT,27.61817,1.1.0
20140207,-33.82652,JOUBERTINA,23.85546,1.1.0
20140207,-23.09599,TSHILWAVHUSIKU,29.74204,1.1.0
20140207,-29.82968,WESTVILLE,30.93246,1.1.0
20140207,-28.87487,ESIKHAWINI,31.90505,1.1.0
20140207,-31.49245,MIDDELBURG(EC),25.00611,1.1.0
20140207,-31.81916,MQANDULI,28.76291,1.1.0
20140207,-29.92982,DONNYBROOK,29.87938,1.1.0
20140207,-26.48456,EMZINONI,29.44593,1.1.0
20140207,-29.10312,NTABAMHLOPHE,29.6086,1.1.0
20140207,-27.00869,AMERSFOORT,29.87218,1.1.0
20140207,-29.6968,INANDA,30.93351,1.1.0
20140207,-25.75948,MOOINOOI,27.55002,1.1.0
20140207,-33.29353,PRINCE ALFRED HAMLET,19.32863,1.1.0
20140207,-29.32763,GLENDALE,31.11037,1.1.0
20140207,-27.62258,MKHUZE,32.03108,1.1.0
20140207,-25.34301,JERICHO,27.81452,1.1.0
20140207,-33.47424,DE DOORNS,19.66581,1.1.0
20140207,-27.98656,NORMANDIEN,29.78067,1.1.0
20140207,-33.80679,KLAPMUTS,18.86272,1.1.0
20140207,-30.57499,HARDING,29.88243,1.1.0
20140207,-30.49365,MSINSINI,30.51874,1.1.0
20140207,-33.02401,BUFFALO FLATS,27.86027,1.1.0
20140207,-28.50406,ROSENDAL,27.9302,1.1.0
20140207,-28.52163,WINBURG,27.0096,1.1.0
20140207,-27.5982,DEBEN,22.88325,1.1.0
20140207,-33.90469,PAROW,18.59561,1.1.0
20140207,-25.47304,KLIPGAT,27.98434,1.1.0
20140207,-25.40502,DUBE,28.02384,1.1.0
20140207,-25.38881,TEMBA,28.26037,1.1.0
20140207,-30.26423,UMZIMKHULU,29.93638,1.1.0
20140207,-27.065,BOTHITHONG,23.82805,1.1.0
20140207,-26.13677,MOROKWENG,23.77682,1.1.0
20140207,-27.08513,TSINENG,23.07619,1.1.0
20140207,-24.509,LEBOENG,30.64776,1.1.0
20140207,-24.23447,MALIPSDRIFT,29.82122,1.1.0
20140207,-32.70725,ADELAIDE,26.29255,1.1.0
20140207,-32.75007,COOKHOUSE,25.8005,1.1.0
20140207,-32.7182,SOMERSET EAST,25.59114,1.1.0
20140207,-33.76565,UITENHAGE,25.40085,1.1.0
20140207,-33.90276,BARRYDALE,20.72117,1.1.0
20140207,-33.83361,ASHTON,20.06699,1.1.0
20140207,-26.34619,BRACKENDOWNS,28.09636,1.1.0
20140207,-26.49652,HEIDELBERG (GP),28.35413,1.1.0
20140207,-26.3754,DUDUZA,28.4177,1.1.0
20140207,-28.93937,MBONGOLWANE,31.20316,1.1.0
20140207,-28.14037,HLABISA,31.85714,1.1.0
20140207,-29.99128,UMBUMBULU,30.70896,1.1.0
20140207,-34.06542,STEENBERG,18.47621,1.1.0
20140207,-27.24996,AMALIA,25.05068,1.1.0
20140207,-26.30226,BREYTEN,29.98664,1.1.0
20140207,-26.28052,CHRISSIESMEER,30.21357,1.1.0
20140207,-28.77074,KAKAMAS,20.61854,1.1.0
20140207,-29.3466,KENHARDT,21.15192,1.1.0
20140207,-27.69892,KATHU,23.04492,1.1.0
20140207,-29.41448,CRAMOND,30.42808,1.1.0
20140207,-29.56531,HILTON-KZN,30.29617,1.1.0
20140207,-29.6006,IMPENDLE,29.86545,1.1.0
20140207,-29.5818,MOUNTAIN RISE,30.40203,1.1.0
20140207,-29.64513,PLESSISLAER,30.33879,1.1.0
20140207,-30.7586,PADDOCK,30.2498,1.1.0
20140207,-34.01031,PHILIPPI EAST,18.60685,1.1.0
20140207,-26.35839,CARLETONVILLE,27.39859,1.1.0
20140207,-26.34301,KHUTSONG,27.33051,1.1.0
20140207,-26.0994,KRUGERSDORP,27.766,1.1.0
20140207,-26.13648,SANDRINGHAM,28.11834,1.1.0
20140207,-25.74808,PRETORIA WEST,28.158,1.1.0
20140207,-29.03196,MODDER RIVER,24.62926,1.1.0
20140207,-26.47065,EVANDER,29.10759,1.1.0
20140207,-29.74268,INCHANGA,30.67873,1.1.0
20140207,-29.46864,UMHLALI,31.21969,1.1.0
20140207,-34.13289,FISH HOEK,18.43492,1.1.0
20140207,-29.81428,MPUMALANGA KZN,30.63633,1.1.0
20140207,-32.91425,ZWELITSHA,27.42121,1.1.0
20140207,-25.64737,TLHABANE,27.21433,1.1.0
20140207,-32.3292,BUTTERWORTH,28.14217,1.1.0
20140207,-26.79825,VAL,28.94027,1.1.0
20140207,-27.65619,UTRECHT,30.31941,1.1.0
20140207,-29.8783,MAYDON WHARF,31.00228,1.1.0
20140207,-30.05182,AMANZIMTOTI,30.88011,1.1.0
20140207,-24.98705,CALCUTTA,31.24385,1.1.0
20140207,-32.267,WILLOWVALE,28.50661,1.1.0
20140207,-31.66088,VREDENDAL,18.51031,1.1.0
20140207,-26.06088,ELUKWATINI,30.78716,1.1.0
20140207,-25.23604,MAKAPANSTAD,28.12209,1.1.0
20140207,-25.46503,KANYAMAZANE,31.18394,1.1.0
20140207,-23.12982,VUWANI,30.4208,1.1.0
20140207,-32.55177,SEYMOUR,26.76792,1.1.0
20140207,-32.94867,MDANTSANE,27.77583,1.1.0
20140207,-26.60924,SEBOKENG,27.84813,1.1.0
20140207,-25.40626,TWEEFONTEIN,28.80638,1.1.0
20140207,-25.30942,KWAGGAFONTEIN,28.94768,1.1.0
20140207,-33.90246,ALGOAPARK,25.57071,1.1.0
20140207,-26.69094,DELAREYVILLE,25.4567,1.1.0
20140207,-32.20241,NQAMAKWE,27.94282,1.1.0
20140207,-30.9068,MOUNT FRERE,28.99125,1.1.0
20140207,-31.20766,MTONTSASA,29.7024,1.1.0
20140207,-27.97365,WELKOM,26.73691,1.1.0
20140207,-28.10392,VIRGINIA,26.87201,1.1.0
20140207,-30.96943,CARNARVON,22.1259,1.1.0
20140207,-33.92441,ELSIES RIVER,18.56443,1.1.0
20140207,-26.2155,DOBSONVILLE,27.8704,1.1.0
20140207,-26.14829,EDENVALE,28.14885,1.1.0
20140207,-26.24517,ELSBURG,28.19877,1.1.0
20140207,-26.32987,TOKOZA,28.14338,1.1.0
20140207,-26.3766,EDENPARK,28.1281,1.1.0
20140207,-31.55902,LUTZVILLE,18.34501,1.1.0
20140207,-31.90632,MIDDELPOS,20.232,1.1.0
20140207,-26.17733,SOPHIA TOWN,27.97173,1.1.0
20140207,-33.36941,CERES,19.31159,1.1.0
20140207,-33.93905,BONNIEVALE,20.09825,1.1.0
20140207,-26.23883,DIEPKLOOF,27.94192,1.1.0
20140207,-26.2545,NALEDI,27.8321,1.1.0
20140207,-25.67601,SINOVILLE,28.22617,1.1.0
20140207,-23.41238,SEKGOSESE,30.15034,1.1.0
20140207,-23.9731,MAAKE,30.27092,1.1.0
20140207,-24.61384,DIENTJIE,30.80467,1.1.0
20140207,-33.75313,KAMESH,25.38562,1.1.0
20140207,-33.90226,THORNHILL,25.14084,1.1.0
20140207,-29.19994,NEWARK,31.4125,1.1.0
20140207,-33.90888,GOODWOOD,18.56195,1.1.0
20140207,-33.857,KRAAIFONTEIN,18.7273,1.1.0
20140207,-30.19282,DUDUDU,30.61743,1.1.0
20140207,-25.5708,NGODWANA,30.67429,1.1.0
20140207,-29.84229,DURBAN CENTRAL,31.02748,1.1.0
20140207,-31.19953,UGIE,28.2349,1.1.0
20140207,-30.96913,BARKLY EAST,27.59774,1.1.0
20140207,-33.97497,GUGULETHU,18.56331,1.1.0
20140207,-33.97186,MANENBERG,18.55608,1.1.0
20140207,-34.04761,MITCHELLS PLAIN,18.62321,1.1.0
20140207,-32.58076,PEARSTON,25.13783,1.1.0
20140207,-32.90126,RIETBRON,23.1522,1.1.0
20140207,-27.18943,SCHWEIZER-RENEKE,25.33134,1.1.0
20140207,-33.53339,CALITZDORP,21.68666,1.1.0
20140207,-25.77462,ATTERIDGEVILLE,28.07173,1.1.0
20140207,-25.78555,LAUDIUM,28.09789,1.1.0
20140207,-25.78853,GARSFONTEIN,28.2891,1.1.0
20140207,-25.71914,HERCULES,28.1488,1.1.0
20140207,-33.96157,ATHLONE,18.50724,1.1.0
20140207,-33.94634,BISHOP LAVIS,18.57224,1.1.0
20140207,-28.17932,GLENCOE,30.15452,1.1.0
20140207,-26.81351,SASOLBURG,27.82882,1.1.0
20140207,-27.95346,STEYNSRUS,27.56381,1.1.0
20140207,-26.88716,DENEYSVILLE,28.09493,1.1.0
20140207,-26.72698,VILJOENSDRIF,27.92026,1.1.0
20140207,-27.00656,VREDEFORT,27.36753,1.1.0
20140207,-25.95135,OLIFANTSFONTEIN,28.23211,1.1.0
20140207,-26.00749,TEMBISA,28.22014,1.1.0
20140207,-26.3423,VOSLOORUS,28.211,1.1.0
20140207,-29.11994,PARK ROAD,26.21159,1.1.0
20140207,-29.73567,EDENBURG,25.93462,1.1.0
20140207,-29.05913,GREYTOWN,30.59429,1.1.0
20140207,-27.87226,ODENDAALSRUS,26.68751,1.1.0
20140207,-28.13091,HERTZOGVILLE,25.50616,1.1.0
20140207,-29.65303,REDDERSBURG,26.16737,1.1.0
20140207,-32.39583,SUTHERLAND,20.66037,1.1.0
20140207,-31.52416,CALA,27.69644,1.1.0
20140207,-31.67635,ENGCOBO,27.99961,1.1.0
20140207,-31.62187,DALASILE,28.19333,1.1.0
20140207,-30.69057,MOUNT FLETCHER,28.50988,1.1.0
20140207,-33.48874,DE RUST,22.53451,1.1.0
20140207,-33.95658,GEORGE,22.46031,1.1.0
20140207,-34.03629,KNYSNA,23.05145,1.1.0
20140207,-34.18145,MOSSEL BAY,22.14066,1.1.0
20140207,-34.2086,ALBERTINIA,21.58325,1.1.0
20140207,-34.05469,GROOT BRAKRIVIER,22.21906,1.1.0
20140207,-34.09338,RIVERSDALE,21.26123,1.1.0
20140207,-32.34946,BEAUFORT WEST,22.58486,1.1.0
20140207,-32.77115,LAAIPLEK,18.15646,1.1.0
20140207,-33.85506,BOTHASIG,18.54346,1.1.0
20140207,-29.56264,MPOPHOMENI,30.18046,1.1.0
20140207,-29.6644,UMSUNDUZI,30.63848,1.1.0
20140207,-27.99683,BRONVILLE,26.81762,1.1.0
20140207,-24.18398,MOKOPANE,29.01583,1.1.0
20140207,-30.63228,NORVALSPONT,25.45104,1.1.0
20140207,-26.32228,LENASIA,27.82496,1.1.0
20140207,-25.99001,IVORY PARK,28.20162,1.1.0
20140207,-26.0263,DOUGLASDALE,27.9907,1.1.0
20140207,-26.206,BOKSBURG NORTH,28.25302,1.1.0
20140207,-27.19638,IPELEGENG,25.30579,1.1.0
20140207,-25.66821,RUSTENBURG,27.24845,1.1.0
20140207,-24.27923,HOOPDAL,27.49232,1.1.0
20140207,-23.976,CUMBERLAND,26.91968,1.1.0
20140207,-23.67856,LEPHALALE,27.73479,1.1.0
20140207,-24.12651,BULGERIVIER,27.69389,1.1.0
20140207,-23.0688,TOM BURKE,27.99936,1.1.0
20140207,-23.31353,GIYANI,30.71573,1.1.0
20140207,-23.16397,WATERVAL,30.07076,1.1.0
20140207,-23.88811,RITAVI,30.28361,1.1.0
20140207,-22.83111,SASELAMANI,30.85767,1.1.0
20140207,-24.72574,MHALA,31.20416,1.1.0
20140207,-26.20398,CLEVELAND,28.11556,1.1.0
20140207,-29.10568,NAVALSIG,26.23765,1.1.0
20140207,-29.44394,TIERPOORT,26.09008,1.1.0
20140207,-29.1395,BLOEMSPRUIT,26.27852,1.1.0
20140207,-31.3794,DORDRECHT,27.04719,1.1.0
20140207,-27.38891,BOTHAVILLE,26.61423,1.1.0
20140207,-28.29346,BULTFONTEIN,26.15286,1.1.0
20140207,-27.83669,HOOPSTAD,25.90546,1.1.0
20140207,-31.4772,LOXTON,22.34998,1.1.0
20140207,-33.21944,PRINCE ALBERT,22.02828,1.1.0
20140207,-26.84416,ZAMDELA,27.85671,1.1.0
20140207,-31.17601,NOUPOORT,24.95116,1.1.0
20140207,-31.41508,RICHMOND(C),23.94401,1.1.0
20140207,-23.91312,POLOKWANE,29.45481,1.1.0
20140207,-26.2681,MOROKA,27.8755,1.1.0
20140207,-28.35892,LIME ACRES,23.52467,1.1.0
20140207,-27.94753,OLIFANTSHOEK,22.73744,1.1.0
20140207,-26.58681,SEVERN,22.85903,1.1.0
20140207,-26.87679,VAN ZYLSRUS,22.05007,1.1.0
20140207,-24.03597,TINMYNE,28.77543,1.1.0
20140207,-22.98531,TOLWE,28.57513,1.1.0
20140207,-33.4144,WOLSELEY,19.20104,1.1.0
20140207,-33.59043,PORT ALFRED,26.88904,1.1.0
20140207,-24.99523,SKUKUZA,31.59017,1.1.0
20140207,-25.64453,LOW'S CREEK,31.29337,1.1.0
20140207,-25.3283,WITRIVIER,31.0179,1.1.0
20140207,-25.53614,KAAPMUIDEN,31.34071,1.1.0
20140207,-25.59968,GROOT MARICO,26.41868,1.1.0
20140207,-25.02325,NIETVERDIEND,26.15879,1.1.0
20140207,-23.64412,BOLOBEDU,30.22274,1.1.0
20140207,-27.02611,VILLIERS,28.59953,1.1.0
20140207,-30.79379,RHODES,27.96674,1.1.0
20140207,-32.97932,CAMBRIDGE,27.89812,1.1.0
20140207,-28.73144,BERGVILLE,29.35523,1.1.0
20140207,-28.73492,COLENSO,29.82205,1.1.0
20140207,-30.55093,KOKSTAD,29.42536,1.1.0
20140207,-30.34362,MATATIELE,28.80508,1.1.0
20140207,-30.3176,FRANKLIN,29.45103,1.1.0
20140207,-29.99068,FOLWENI,30.81185,1.1.0
20140207,-33.92226,RAVENSMEAD,18.5973,1.1.0
20140207,-27.24265,KOPPIES,27.57533,1.1.0
20140207,-27.88343,LINDLEY,27.92071,1.1.0
20140207,-26.89837,PARYS,27.4567,1.1.0
20140207,-29.85207,MAYVILLE-KZN,30.98406,1.1.0
20140207,-29.81797,PINETOWN,30.87201,1.1.0
20140207,-29.77619,KWADABEKA,30.89295,1.1.0
20140207,-29.86286,MARIANNHILL,30.8353,1.1.0
20140207,-30.73368,PORT SHEPSTONE,30.4489,1.1.0
20140207,-30.78476,EZINQOLENI,30.12799,1.1.0
20140207,-30.58681,MEHLOMNYAMA,30.32273,1.1.0
20140207,-31.05239,PORT EDWARD,30.21723,1.1.0
20140207,-30.35067,VANWYKSVLEI,21.82435,1.1.0
20140207,-23.896389,MASHASHANE,29.134318,1.1.0
20140207,-34.03613,LENTEGEUR,18.6107,1.1.0
20140207,-25.96476,WELBEKEND,28.46994,1.1.0
20140207,-25.71422,MAMELODI,28.34826,1.1.0
20140207,-26.39441,LENASIA SOUTH,27.85891,1.1.0
20140207,-26.15501,ROODEPOORT,27.8735,1.1.0
20140207,-26.0732,HONEYDEW,27.9201,1.1.0
20140207,-26.1693,FLORIDA,27.9051,1.1.0
20140207,-26.20676,JHB CENTRAL,28.0311,1.1.0
20140207,-26.14423,FAIRLAND,27.9375,1.1.0
20140207,-23.49402,MOREBENG,29.92797,1.1.0
20140207,-29.40948,KOFFIEFONTEIN,25.00308,1.1.0
20140207,-29.11293,PETRUSBURG,25.41366,1.1.0
20140207,-30.26739,PHILIPPOLIS,25.27314,1.1.0
20140207,-29.49944,STEUNMEKAAR,25.52628,1.1.0
20140207,-33.02179,KLIPPLAAT,24.33284,1.1.0
20140207,-32.85029,BHISHO,27.44085,1.1.0
20140207,-32.91955,NDEVANA,27.48999,1.1.0
20140207,-33.9122,FRANSCHHOEK,19.12143,1.1.0
20140207,-33.06525,HOPEFIELD,18.34998,1.1.0
20140207,-29.79486,KOMAGGAS,17.48749,1.1.0
20140207,-33.90752,NEW BRIGHTON,25.5845,1.1.0
20140207,-25.27102,MOGWASE,27.23673,1.1.0
20140207,-27.4108,PUDIMOE,24.71941,1.1.0
20140207,-26.5997,GANYESA,24.18723,1.1.0
20140207,-33.87196,BRACKENFELL,18.68164,1.1.0
20140207,-33.65057,ALEXANDRIA,26.412,1.1.0
20140207,-31.33022,ELLIOT,27.84998,1.1.0
20140207,-33.93575,STELLENBOSCH,18.85592,1.1.0
20140207,-29.73621,THORNVILLE,30.38723,1.1.0
20140207,-25.4951,LOATE,28.07368,1.1.0
20140207,-25.75024,MAKGOBISTAD,25.10729,1.1.0
20140207,-25.70428,WONDERBOOMPOORT,28.18587,1.1.0
20140207,-30.26625,SPRINGFONTEIN,25.70502,1.1.0
20140207,-33.53064,SEAFIELD,27.04722,1.1.0
20140207,-25.15941,VAALBANK,28.85709,1.1.0
20140207,-27.39776,MOTHIBISTAD,23.49068,1.1.0
20140207,-27.30544,BATLHAROS,23.34164,1.1.0
20140207,-26.2937,HEUNINGVLEI,23.17961,1.1.0
20140207,-33.32752,STEYTLERVILLE,24.34185,1.1.0
20140207,-31.75751,GLEN GREY,27.0212,1.1.0
20140207,-26.73369,MORGENZON TRANSVAAL,29.61297,1.1.0
20140207,-27.00637,PIET RETIEF,30.80584,1.1.0
20140207,-27.37626,PONGOLA,31.61623,1.1.0
20140207,-26.71503,SHEEPMOOR,30.29458,1.1.0
20140207,-27.374,VOLKSRUST,29.88684,1.1.0
20140207,-26.96305,SAKHILE,29.22101,1.1.0
20140207,-32.29579,CATHCART,27.1411,1.1.0
20140207,-32.00705,TARKASTAD,26.25755,1.1.0
20140207,-33.9463,MCGREGOR,19.82949,1.1.0
20140207,-29.15989,MAPHUMULO,31.06624,1.1.0
20140207,-29.37678,NSUZE,30.94349,1.1.0
20140207,-28.55147,NHLANHLENI,30.42224,1.1.0
20140207,-28.42857,KWAMSANE,32.1479,1.1.0
20140207,-28.64461,EKOMBE,30.8973,1.1.0
20140207,-27.762,MADADENI,30.02664,1.1.0
20140207,-27.97384,MONDLO,30.69569,1.1.0
20140207,-32.72903,STEVE VUKILE TSHWETE,27.46567,1.1.0
20140207,-26.85147,KHUMA,26.84686,1.1.0
20140207,-30.81069,MOUNT AYLIFF,29.36962,1.1.0
20140207,-31.26654,HLABABOMVU,29.36261,1.1.0
20140207,-25.63515,BRITS,27.77918,1.1.0
20140207,-26.79878,GROOTVLEI,28.50955,1.1.0
20140207,-23.904444,WESTENBURG,29.4301222,1.1.0
20140207,-26.87308,VAAL MARINA,28.2312399,1.1.0
20140207,-24.56753,MASEMOLA,29.66673,1.1.0
20140207,-26.287108,BEKKERSDAL,27.6987305,1.1.0
20140207,-27.89904,NONGOMA,31.64726,1.1.0
20140207,-28.2339,MAHLABATHINI,31.46908,1.1.0
20140207,-27.99895,EZIBAYENI,32.06748,1.1.0
20140207,-29.7344,NTUZUMA,30.95097,1.1.0
20140207,-25.6883,TONGA,31.78474,1.1.0
20140207,-26.0496,EKULINDENI,31.01682,1.1.0
20140207,-26.20225,JEPPE,28.06046,1.1.0
20140207,-26.23361,BOOYSENS,28.02202,1.1.0
20140207,-25.86707,VOSMAN,29.12743,1.1.0
20140207,-25.46928,NELSPRUIT,30.9792,1.1.0
20140207,-31.58703,MADEIRA,28.78971,1.1.0
20140207,-31.91098,MLUNGISI,26.8652555,1.1.0
20140207,-34.43881,STANFORD,19.45789,1.1.0
20140207,-33.82635,TABLE VIEW,18.4893,1.1.0
20140207,-25.86314,MAHIKENG,25.64055,1.1.0
20140207,-33.67287,MBEKWENI,18.99789,1.1.0
20140207,-34.08899,HEIDELBERG(C),20.95543,1.1.0
20140207,-34.05783,PLETTENBERG BAY,23.37196,1.1.0
20140207,-34.02196,PACALTSDORP,22.45031,1.1.0
20140207,-29.66193,KLEINSEE,17.07984,1.1.0
20140207,-29.25463,PORT NOLLOTH,16.86932,1.1.0
20140207,-28.67237,ROODEPAN,24.73012,1.1.0
20140207,-30.59218,BRITSTOWN,23.4996,1.1.0
20140207,-30.77378,VENTERSTAD,25.80117,1.1.0
20140207,-32.47634,ABERDEEN,24.06098,1.1.0
20140207,-33.16014,COMMITTEES,26.83654,1.1.0
20140207,-33.94453,LANGA,18.52647,1.1.0
20140207,-33.99054,LANSDOWNE,18.50523,1.1.0
20140207,-28.84759,GRIEKWASTAD,23.25104,1.1.0
20140207,-31.70148,LADY FRERE,27.23649,1.1.0
20140207,-31.9862,BOLOTWA,27.1992,1.1.0
20140207,-28.33124,POSTMASBURG,23.0668,1.1.0
20140207,-26.52267,ERMELO,29.98454,1.1.0
20140207,-26.62306,AMSTERDAM,30.66041,1.1.0
20140207,-25.95836,BADPLAAS,30.56857,1.1.0
20140207,-26.41759,FERNIE,30.7737,1.1.0
20140207,-33.66565,PHILADELPHIA,18.58239,1.1.0
20140207,-32.31333,ELANDS BAY,18.34069,1.1.0
20140207,-33.64546,WORCESTER,19.44373,1.1.0
20140207,-34.07212,STRANDFONTEIN,18.57684,1.1.0
20140207,-34.06112,MACASSAR,18.76276,1.1.0
20140207,-34.14435,OCEAN VIEW,18.34645,1.1.0
20140207,-26.05456,NORKEMPARK,28.22334,1.1.0
20140207,-26.314697,KATLEHONG NORTH,28.1567666,1.1.0
20140207,-29.40618,MARYDALE,22.10618,1.1.0
20140207,-30.07724,PETRUSVILLE,24.65858,1.1.0
20140207,-30.43415,PHILIPSTOWN,24.47417,1.1.0
20140207,-29.6724,PRIESKA,22.74069,1.1.0
20140207,-27.65223,MAOKENG,27.20998,1.1.0
20140207,-27.08004,VIERFONTEIN,26.75187,1.1.0
20140207,-27.20688,VILJOENSKROON,26.94658,1.1.0
20140207,-27.85679,WESSELSBRON,26.36327,1.1.0
20140207,-26.52925,SANNIESHOF,25.80644,1.1.0
20140207,-28.18239,DANIELSKUIL,23.54306,1.1.0
20140207,-25.74846,PRETORIA CENTRAL,28.18472,1.1.0
20140207,-26.23877,ORLANDO,27.91915,1.1.0
20140207,-33.91541,BELLVILLE SOUTH,18.64655,1.1.0
20140207,-33.83389,DURBANVILLE,18.64929,1.1.0
20140207,-33.57618,DYSSELSDORP,22.4346,1.1.0
20140207,-22.90039,WATERPOORT,29.62656,1.1.0
20140207,-22.68226,ALLDAYS,29.10417,1.1.0
20140207,-23.09234,LEVUBU,30.2754,1.1.0
20140207,-23.03789,MAKHADO,29.90773,1.1.0
20140207,-22.34331,MUSINA,30.04396,1.1.0
20140207,-34.04481,GENADENDAL,19.5628,1.1.0
20140207,-34.15908,GORDONS BAY,18.86941,1.1.0
20140207,-26.50187,SECUNDA,29.18622,1.1.0
20140207,-33.53938,BAVIAANSKLOOF,23.98058,1.1.0
20140207,-32.97844,TAMARA,27.28339,1.1.0
20140207,-32.79033,ALICE,26.83583,1.1.0
20140207,-32.81951,MIDDLEDRIFT,26.9905,1.1.0
20140207,-29.58544,TOWN HILL,30.35122,1.1.0
20140207,-31.3428,WILLISTON,20.91551,1.1.0
20140207,-32.3882,BOLO,27.62414,1.1.0
20140207,-30.30925,UMZINTO,30.67228,1.1.0
20140207,-23.67413,MATLALA,29.0315,1.1.0
20140207,-23.28572,SENWABARWANA,29.13931,1.1.0
20140207,-22.89844,MALEBOHO,28.83183,1.1.0
20140207,-24.15543,MAHWELERENG,28.98329,1.1.0
20140207,-23.48766,GILEAD,28.65649,1.1.0
20140207,-23.33168,WITPOORT,28.00687,1.1.0
20140207,-24.765,JANE FURSE,29.85281,1.1.0
20140207,-24.5971,ACORNHOEK,31.04835,1.1.0
20140207,-24.8423,BUSHBUCKRIDGE,31.06821,1.1.0
20140207,-25.40479,HAMMANSKRAAL,28.27506,1.1.0
20140207,-25.65062,KAMEELDRIFT,28.30718,1.1.0
20140207,-25.67133,PRETORIA NORTH,28.174,1.1.0
20140207,-26.12412,CRYSTALPARK,28.37297,1.1.0
20140207,-26.10332,PUTFONTEIN,28.41908,1.1.0
20140207,-26.11999,ETWATWA,28.4642,1.1.0
20140207,-32.77056,ZELE,27.37591,1.1.0
20140207,-28.74896,MSINGA,30.44199,1.1.0
20140207,-27.13361,INGWAVUMA,31.9975,1.1.0
20140207,-28.19908,NONDWENI,30.80476,1.1.0
20140207,-28.01441,DANNHAUSER,30.05658,1.1.0
20140207,-28.44667,HELPMEKAAR,30.41937,1.1.0
20140207,-28.4618,EKUVUKENI,30.15365,1.1.0
20140207,-28.02034,HLUHLUWE,32.26855,1.1.0
20140207,-26.0206,RABIE RIDGE,28.17065,1.1.0
20140207,-25.96687,BOONS,27.23671,1.1.0
20140207,-25.86502,KOSTER,26.89748,1.1.0
20140207,-25.75075,MHLUZI,29.4488,1.1.0
20140207,-24.90998,PILGRIM'S REST,30.7564,1.1.0
20140207,-26.65976,CHARL CILLIERS,29.1875,1.1.0
20140207,-29.77732,DURBAN NORTH,31.04827,1.1.0
20140207,-29.78553,GREENWOOD PARK,31.02431,1.1.0
20140207,-29.34719,KWADUKUZA,31.2843,1.1.0
20140207,-26.1612,NORWOOD,28.07833,1.1.0
20140207,-26.15951,PARKVIEW,28.02657,1.1.0
20140207,-26.1829,YEOVILLE,28.06281,1.1.0
20140207,-32.68017,KEISKAMMAHOEK,27.14546,1.1.0
20140207,-32.53628,BALFOUR,26.67652,1.1.0
20140207,-33.19855,PEDDIE,27.11446,1.1.0
20140207,-33.24744,BELL,27.35953,1.1.0
20140207,-27.78413,DINGLETON,22.98298,1.1.0
20140207,-33.72733,MELKBOSSTRAND,18.4481,1.1.0
20140207,-33.56479,ATLANTIS,18.49318,1.1.0
20140207,-33.91001,TABLE BAY HARBOUR,18.42454,1.1.0
20140207,-34.00399,WYNBERG,18.46505,1.1.0
20140207,-24.29829,ZEBEDIELA,29.24406,1.1.0
20140207,-22.56206,SAAMBOUBRUG,28.58481,1.1.0
20140207,-26.31736,VENTERSDORP,26.82122,1.1.0
20140207,-23.82788,TZANEEN,30.16194,1.1.0
20140207,-29.4885,HOWICK,30.22997,1.1.0
20140207,-25.11259,SIYABUSWA,29.05024,1.1.0
20140207,-27.44889,HEUNINGSPRUIT,27.42303,1.1.0
20140207,-26.24153,MOFFATVIEW,28.088771,1.1.0
20140207,-25.72447,HARTBEESPOORTDAM,27.87159,1.1.0
20140207,-34.16691,ST FRANCIS BAY,24.82673,1.1.0
20140207,-30.71908,KUYASA,25.10707,1.1.0
20140207,-25.9176,OLIEVENHOUTBOSCH,28.0955,1.1.0
20140207,-29.35132,NOTTINGHAM ROAD,29.99044,1.1.0
20140207,-26.55567,MEYERTON,28.01492,1.1.0
20140207,-26.42027,KLIPRIVIER,28.08452,1.1.0
20140207,-26.76453,THE BARRAGE,27.6795,1.1.0
20140207,-28.97467,MUDEN,30.36748,1.1.0
20140207,-28.40129,ELANDSLAAGTE,29.9588,1.1.0
20140207,-29.21221,MOOI RIVER,29.99216,1.1.0
20140207,-28.69808,EMATSHENI,29.1555,1.1.0
20140207,-28.81018,UPPER TUGELA,29.15404,1.1.0
20140207,-28.81443,WINTERTON,29.54016,1.1.0
20140207,-34.04863,GRASSY PARK,18.49523,1.1.0
20140207,-23.94073,HAENERTSBURG,29.9405,1.1.0
20140207,-26.025975,TEMBISA SOUTH,28.208876,1.1.0
20140207,-25.718203,VILLIERIA,28.245436,1.1.0
20140207,-25.19819,ROOSSENEKAL,29.92706,1.1.0
20140207,-29.9874,VAN STADENSRUS,27.01634,1.1.0
20140207,-29.7515,LUCKHOFF,24.78995,1.1.0
20140207,-27.97913,HENNENMAN,27.02748,1.1.0
20140207,-33.98896,NYANGA,18.58342,1.1.0
20140207,-25.16611,ZAAIPLAAS,29.75124,1.1.0
20140207,-25.0989,MOTETEMA,29.4644,1.1.0
20140207,-24.75217,SEKHUKHUNE,30.0156,1.1.0
20140207,-24.58143,TUBATSE,30.32297,1.1.0
20140207,-26.1325,SEBENZA,28.1819,1.1.0
20140207,-26.22976,REIGERPARK,28.22545,1.1.0
20140207,-29.5731,TONGAAT,31.11518,1.1.0
20140207,-29.83128,SYDENHAM,30.97629,1.1.0
20140207,-31.40416,VICTORIA WEST,23.11399,1.1.0
20140207,-26.4479,DAVEL,29.66766,1.1.0
20140207,-26.39072,LOTHAIR,30.44033,1.1.0
20140207,-27.10484,MAHAMBA,31.0679,1.1.0
20140207,-25.59973,GA-RANKUWA,27.99901,1.1.0
20140207,-25.54938,HEBRON,28.01714,1.1.0
20140207,-28.44386,PABALELLO,21.2221,1.1.0
20140207,-33.73854,PAARL,18.96916,1.1.0
20140207,-33.37637,DARLING,18.38199,1.1.0
20140207,-32.6894,EENDEKUIL,18.882,1.1.0
20140207,-34.07219,KIRSTENHOF,18.45524,1.1.0
